{"cameraMode":{"drawMode":0,"name":"Shaded","section":"Shading Mode"},"sceneLighting":true,"audioPlay":false,"sceneViewState":{"m_AlwaysRefresh":false,"showFog":true,"showSkybox":false,"showFlares":true,"showImageEffects":true,"showParticleSystems":true,"showVisualEffectGraphs":true,"m_FxEnabled":true},"in2DMode":false,"pivot":{"x":-10.328203201293946,"y":1.5140858888626099,"z":85.3437728881836},"rotation":{"x":0.08346983045339585,"y":-0.16594412922859193,"z":0.01565045863389969,"w":0.9837015867233276},"size":11.694929122924805,"orthographic":false}