{"cameraMode":{"drawMode":0,"name":"Shaded","section":"Shading Mode"},"sceneLighting":true,"audioPlay":false,"sceneViewState":{"m_AlwaysRefresh":false,"showFog":true,"showSkybox":true,"showFlares":true,"showImageEffects":true,"showParticleSystems":true,"showVisualEffectGraphs":true,"m_FxEnabled":true},"in2DMode":false,"pivot":{"x":6.2770490646362309,"y":-2.717595338821411,"z":34.363868713378909},"rotation":{"x":-0.11274442821741104,"y":-0.18115274608135224,"z":0.020463407039642335,"w":-0.9769040942192078},"size":43.31803512573242,"orthographic":false}