{"cameraMode":{"drawMode":0,"name":"Shaded","section":"Shading Mode"},"sceneLighting":true,"audioPlay":false,"sceneViewState":{"m_AlwaysRefresh":false,"showFog":true,"showSkybox":true,"showFlares":true,"showImageEffects":true,"showParticleSystems":true,"showVisualEffectGraphs":true,"m_FxEnabled":true},"in2DMode":false,"pivot":{"x":-10.464354515075684,"y":0.42580437660217287,"z":85.38711547851563},"rotation":{"x":-0.24908937513828278,"y":-0.26892465353012087,"z":0.06659292429685593,"w":-0.9293290376663208},"size":9.818842887878418,"orthographic":false}