{"cameraMode":{"drawMode":0,"name":"Shaded","section":"Shading Mode"},"sceneLighting":false,"audioPlay":false,"sceneViewState":{"m_AlwaysRefresh":false,"showFog":true,"showSkybox":true,"showFlares":true,"showImageEffects":true,"showParticleSystems":true,"showVisualEffectGraphs":true,"m_FxEnabled":true},"in2DMode":false,"pivot":{"x":-14.846275329589844,"y":2.472292423248291,"z":70.87428283691406},"rotation":{"x":-0.06873278319835663,"y":-0.9564887285232544,"z":0.26045432686805727,"w":-0.13031652569770814},"size":20.486169815063478,"orthographic":false}