{"cameraMode":{"drawMode":0,"name":"Shaded","section":"Shading Mode"},"sceneLighting":false,"audioPlay":false,"sceneViewState":{"m_AlwaysRefresh":false,"showFog":true,"showSkybox":false,"showFlares":true,"showImageEffects":true,"showParticleSystems":true,"showVisualEffectGraphs":true,"m_FxEnabled":true},"in2DMode":false,"pivot":{"x":199.90631103515626,"y":-89.39080810546875,"z":290.9864196777344},"rotation":{"x":0.10373898595571518,"y":-0.11738348007202149,"z":0.011215295642614365,"w":0.9887356758117676},"size":1.0402313470840455,"orthographic":false}