{"cameraMode":{"drawMode":0,"name":"Shaded","section":"Shading Mode"},"sceneLighting":false,"audioPlay":false,"sceneViewState":{"m_AlwaysRefresh":false,"showFog":true,"showSkybox":false,"showFlares":true,"showImageEffects":true,"showParticleSystems":true,"showVisualEffectGraphs":true,"m_FxEnabled":true},"in2DMode":false,"pivot":{"x":-9.444714546203614,"y":2.8686952590942385,"z":-61.516746520996097},"rotation":{"x":0.1723804920911789,"y":-0.1174938902258873,"z":0.019615480676293374,"w":0.9781607985496521},"size":3.2861764430999758,"orthographic":false}