{"cameraMode":{"drawMode":0,"name":"Shaded","section":"Shading Mode"},"sceneLighting":false,"audioPlay":false,"sceneViewState":{"m_AlwaysRefresh":false,"showFog":true,"showSkybox":false,"showFlares":true,"showImageEffects":true,"showParticleSystems":true,"showVisualEffectGraphs":true,"m_FxEnabled":true},"in2DMode":false,"pivot":{"x":2.5993564128875734,"y":0.9997721910476685,"z":-0.1083085834980011},"rotation":{"x":-0.12982137501239777,"y":-0.5787227153778076,"z":0.09373927116394043,"w":-0.7997235059738159},"size":0.2928546369075775,"orthographic":false}